{
  "four_vectors": {
    "D": {
      "pz": -0.7847,
      "px": -0.1467,
      "py": 0.2235,
      "E": 2.0452
    },
    "D0": {
      "pz": 1.2019,
      "px": 0.2284,
      "py": -0.3689,
      "E": 2.2606
    },
    "K": {
      "pz": -0.5584,
      "px": -0.0873,
      "py": 0.1803,
      "E": 0.7718
    },
    "pi": {
      "pz": 0.1413,
      "px": 0.0056,
      "py": -0.0349,
      "E": 0.2017
    },
    "Dx": {
      "pz": 1.3432,
      "px": 0.23399999999999999,
      "py": -0.4038,
      "E": 2.4623
    }
  },
  "dpd_kinematics": {
    "msq_KDx": 9.772018629999998,
    "msq_DxD": 19.965504620000004,
    "msq_DK": 5.913760950000001,
    "cos_theta_D_in_Dx": -0.863808416067478,
    "phi_D_in_Dx": -1.21591983623593
  },
  "tf_pwa_kinematics": {
    "cos_theta_D_in_Dx_from_B": -0.8649158171627784,
    "phi_D_in_Dx_from_B": 0.6942087211091432
  }
}
