{
  "value": {
    "X(3872)_mass": 3.87165,
    "X(3872)_width": 0.00119,
    "X(3872)_theta0": -2.015921828171656,
    "X(3915)(0-)_mass": 3.944541930471987,
    "X(3915)(0-)_width": 0.12967375151065727,
    "chi(c2)(3930)_mass": 3.9272,
    "chi(c2)(3930)_width": 0.024,
    "X(3940)(1.)_mass": 4.000356213291595,
    "X(3940)(1.)_width": 0.18409962756972859,
    "X(3940)(1.)_theta0": 0.7989914411460378,
    "X(3993)_mass": 4.0124827228509385,
    "X(3993)_width": 0.06273839664955379,
    "X(3993)_theta0": 0.4698572248915468,
    "Psi(4040)_mass": 4.039,
    "Psi(4040)_width": 0.08,
    "X(4300)_mass": 4.307256254892468,
    "X(4300)_width": 0.05843884652068989,
    "X(4300)_theta0": 1.0215260655729885,
    "NR(0-)SPp_alpha": -0.1126125074208415,
    "NR(0-)SPp_beta": 0.33626905041088884,
    "X0(2900)_mass": 2.866,
    "X0(2900)_width": 0.057,
    "X1(2900)_mass": 2.904,
    "X1(2900)_width": 0.11,
    "Bp->X(3872).KX(3872)->Dst.DDst->D0.pi_total_0r": 1.0,
    "Bp->X(3872).KX(3872)->Dst.DDst->D0.pi_total_0i": 0.0,
    "Bp->X(3872).K_g_ls_0r": 1.0,
    "Bp->X(3872).K_g_ls_0i": 0.0,
    "X(3872)->Dst.D_g_ls_0r": 1.0,
    "X(3872)->Dst.D_g_ls_0i": 0.0,
    "X(3872)->Dst.D_g_ls_1r": 1.0,
    "X(3872)->Dst.D_g_ls_1i": -7.5920037020554,
    "Dst->D0.pi_g_ls_0r": 1.0,
    "Dst->D0.pi_g_ls_0i": 0.0,
    "Bp->X(3915)(0-).KX(3915)(0-)->Dst.DDst->D0.pi_total_0r": 0.24791777686072225,
    "Bp->X(3915)(0-).KX(3915)(0-)->Dst.DDst->D0.pi_total_0i": -3.956553162618277,
    "Bp->X(3915)(0-).K_g_ls_0r": 1.0,
    "Bp->X(3915)(0-).K_g_ls_0i": 0.0,
    "X(3915)(0-)->Dst.D_g_ls_0r": 1.0,
    "X(3915)(0-)->Dst.D_g_ls_0i": 0.0,
    "Bp->chi(c2)(3930).Kchi(c2)(3930)->Dst.DDst->D0.pi_total_0r": -0.15782841318910093,
    "Bp->chi(c2)(3930).Kchi(c2)(3930)->Dst.DDst->D0.pi_total_0i": 1.248975116680513,
    "Bp->chi(c2)(3930).K_g_ls_0r": 1.0,
    "Bp->chi(c2)(3930).K_g_ls_0i": 0.0,
    "chi(c2)(3930)->Dst.D_g_ls_0r": 1.0,
    "chi(c2)(3930)->Dst.D_g_ls_0i": 0.0,
    "Bp->X(3940)(1.).KX(3940)(1.)->Dst.DDst->D0.pi_total_0r": 0.5841135437989953,
    "Bp->X(3940)(1.).KX(3940)(1.)->Dst.DDst->D0.pi_total_0i": -0.35520294138066283,
    "Bp->X(3940)(1.).K_g_ls_0r": 1.0,
    "Bp->X(3940)(1.).K_g_ls_0i": 0.0,
    "X(3940)(1.)->Dst.D_g_ls_0r": 1.0,
    "X(3940)(1.)->Dst.D_g_ls_0i": 0.0,
    "X(3940)(1.)->Dst.D_g_ls_1r": 1.0,
    "X(3940)(1.)->Dst.D_g_ls_1i": -0.6019827071000381,
    "Bp->X(3993).KX(3993)->Dst.DDst->D0.pi_total_0r": 0.40764525993506756,
    "Bp->X(3993).KX(3993)->Dst.DDst->D0.pi_total_0i": 0.4780524709768292,
    "Bp->X(3993).K_g_ls_0r": 1.0,
    "Bp->X(3993).K_g_ls_0i": 0.0,
    "X(3993)->Dst.D_g_ls_0r": 1.0,
    "X(3993)->Dst.D_g_ls_0i": 0.0,
    "X(3993)->Dst.D_g_ls_1r": 1.0,
    "X(3993)->Dst.D_g_ls_1i": 2.960986710144917,
    "Bp->Psi(4040).KPsi(4040)->Dst.DDst->D0.pi_total_0r": 0.24060821850404537,
    "Bp->Psi(4040).KPsi(4040)->Dst.DDst->D0.pi_total_0i": 1.8333557588772107,
    "Bp->Psi(4040).K_g_ls_0r": 1.0,
    "Bp->Psi(4040).K_g_ls_0i": 0.0,
    "Psi(4040)->Dst.D_g_ls_0r": 1.0,
    "Psi(4040)->Dst.D_g_ls_0i": 0.0,
    "Bp->X(4300).KX(4300)->Dst.DDst->D0.pi_total_0r": -0.12188398153266534,
    "Bp->X(4300).KX(4300)->Dst.DDst->D0.pi_total_0i": -2.755574397781584,
    "Bp->X(4300).K_g_ls_0r": 1.0,
    "Bp->X(4300).K_g_ls_0i": 0.0,
    "X(4300)->Dst.D_g_ls_0r": 1.0,
    "X(4300)->Dst.D_g_ls_0i": 0.0,
    "X(4300)->Dst.D_g_ls_1r": 1.0,
    "X(4300)->Dst.D_g_ls_1i": -0.078957353558345,
    "Bp->NR(0-)SPp.KNR(0-)SPp->Dst.DDst->D0.pi_total_0r": 0.3518201446798285,
    "Bp->NR(0-)SPp.KNR(0-)SPp->Dst.DDst->D0.pi_total_0i": 2.819967753443459,
    "Bp->NR(0-)SPp.K_g_ls_0r": 1.0,
    "Bp->NR(0-)SPp.K_g_ls_0i": 0.0,
    "NR(0-)SPp->Dst.D_g_ls_0r": 1.0,
    "NR(0-)SPp->Dst.D_g_ls_0i": 0.0,
    "Bp->NR(1.)PSp.KNR(1.)PSp->Dst.DDst->D0.pi_total_0r": 0.6743195731657364,
    "Bp->NR(1.)PSp.KNR(1.)PSp->Dst.DDst->D0.pi_total_0i": 0.051436462619837024,
    "Bp->NR(1.)PSp.K_g_ls_0r": 1.0,
    "Bp->NR(1.)PSp.K_g_ls_0i": 0.0,
    "NR(1.)PSp->Dst.D_g_ls_0r": 1.0,
    "NR(1.)PSp->Dst.D_g_ls_0i": 0.0,
    "Bp->NR(0-)SPm.KNR(0-)SPm->Dst.DDst->D0.pi_total_0r": -0.10014651796764866,
    "Bp->NR(0-)SPm.KNR(0-)SPm->Dst.DDst->D0.pi_total_0i": 6.288700557404373,
    "Bp->NR(0-)SPm.K_g_ls_0r": 1.0,
    "Bp->NR(0-)SPm.K_g_ls_0i": 0.0,
    "NR(0-)SPm->Dst.D_g_ls_0r": 1.0,
    "NR(0-)SPm->Dst.D_g_ls_0i": 0.0,
    "Bp->NR(1-)PPm.KNR(1-)PPm->Dst.DDst->D0.pi_total_0r": 0.7491753228521948,
    "Bp->NR(1-)PPm.KNR(1-)PPm->Dst.DDst->D0.pi_total_0i": 2.7710671953180515,
    "Bp->NR(1-)PPm.K_g_ls_0r": 1.0,
    "Bp->NR(1-)PPm.K_g_ls_0i": 0.0,
    "NR(1-)PPm->Dst.D_g_ls_0r": 1.0,
    "NR(1-)PPm->Dst.D_g_ls_0i": 0.0,
    "Bp->X0(2900).DstX0(2900)->D.KDst->D0.pi_total_0r": 0.1090471843181523,
    "Bp->X0(2900).DstX0(2900)->D.KDst->D0.pi_total_0i": 0.2081928503944538,
    "Bp->X0(2900).Dst_g_ls_0r": 1.0,
    "Bp->X0(2900).Dst_g_ls_0i": 0.0,
    "X0(2900)->D.K_g_ls_0r": 1.0,
    "X0(2900)->D.K_g_ls_0i": 0.0,
    "Bp->X1(2900).DstX1(2900)->D.KDst->D0.pi_total_0r": 0.10857905141284267,
    "Bp->X1(2900).DstX1(2900)->D.KDst->D0.pi_total_0i": -10.63654224201967,
    "Bp->X1(2900).Dst_g_ls_0r": 1.0,
    "Bp->X1(2900).Dst_g_ls_0i": 0.0,
    "Bp->X1(2900).Dst_g_ls_1r": 0.49282868979403516,
    "Bp->X1(2900).Dst_g_ls_1i": 2.8344936250814885,
    "Bp->X1(2900).Dst_g_ls_2r": 2.2958999365446746,
    "Bp->X1(2900).Dst_g_ls_2i": 15.69162555526342,
    "X1(2900)->D.K_g_ls_0r": 1.0,
    "X1(2900)->D.K_g_ls_0i": 0.0
  },
  "error": {
    "X(3872)_theta0": 0.049436442059824656,
    "X(3940)(1.)_theta0": 0.08410298219592856,
    "X(3993)_theta0": 0.057254955533854505,
    "X(4300)_theta0": 0.14154900856164682,
    "NR(0-)SPp_alpha": 0.026265655051989384,
    "NR(0-)SPp_beta": 0.04658016102489625,
    "X(3872)->Dst.D_g_ls_1i": 0.16894804220710533,
    "Bp->X(3915)(0-).KX(3915)(0-)->Dst.DDst->D0.pi_total_0r": 0.07331935380583039,
    "Bp->X(3915)(0-).KX(3915)(0-)->Dst.DDst->D0.pi_total_0i": 0.40260552090284185,
    "Bp->chi(c2)(3930).Kchi(c2)(3930)->Dst.DDst->D0.pi_total_0r": 0.02240863810290368,
    "Bp->chi(c2)(3930).Kchi(c2)(3930)->Dst.DDst->D0.pi_total_0i": 0.188362962591723,
    "Bp->X(3940)(1.).KX(3940)(1.)->Dst.DDst->D0.pi_total_0r": 0.13362923836524968,
    "Bp->X(3940)(1.).KX(3940)(1.)->Dst.DDst->D0.pi_total_0i": 0.2133405181981106,
    "X(3940)(1.)->Dst.D_g_ls_1i": 0.1758227418061081,
    "Bp->X(3993).KX(3993)->Dst.DDst->D0.pi_total_0r": 0.06209425798179444,
    "Bp->X(3993).KX(3993)->Dst.DDst->D0.pi_total_0i": 0.18913814861018483,
    "X(3993)->Dst.D_g_ls_1i": 0.15558631948725027,
    "Bp->Psi(4040).KPsi(4040)->Dst.DDst->D0.pi_total_0r": 0.03125316304940012,
    "Bp->Psi(4040).KPsi(4040)->Dst.DDst->D0.pi_total_0i": 0.1895919628932166,
    "Bp->X(4300).KX(4300)->Dst.DDst->D0.pi_total_0r": 0.031671687035290254,
    "Bp->X(4300).KX(4300)->Dst.DDst->D0.pi_total_0i": 0.35026791567899795,
    "X(4300)->Dst.D_g_ls_1i": 0.3144578133544454,
    "Bp->NR(0-)SPp.KNR(0-)SPp->Dst.DDst->D0.pi_total_0r": 0.03612584606957547,
    "Bp->NR(0-)SPp.KNR(0-)SPp->Dst.DDst->D0.pi_total_0i": 0.18243534516471144,
    "Bp->NR(1.)PSp.KNR(1.)PSp->Dst.DDst->D0.pi_total_0r": 0.0724666415287063,
    "Bp->NR(1.)PSp.KNR(1.)PSp->Dst.DDst->D0.pi_total_0i": 0.2088598379828546,
    "Bp->NR(0-)SPm.KNR(0-)SPm->Dst.DDst->D0.pi_total_0r": 0.016122938374784037,
    "Bp->NR(0-)SPm.KNR(0-)SPm->Dst.DDst->D0.pi_total_0i": 0.21663224299312991,
    "Bp->NR(1-)PPm.KNR(1-)PPm->Dst.DDst->D0.pi_total_0r": 0.07129286792913665,
    "Bp->NR(1-)PPm.KNR(1-)PPm->Dst.DDst->D0.pi_total_0i": 0.1733778738660513,
    "Bp->X0(2900).DstX0(2900)->D.KDst->D0.pi_total_0r": 0.012778092637828269,
    "Bp->X0(2900).DstX0(2900)->D.KDst->D0.pi_total_0i": 0.19952235247306366,
    "Bp->X1(2900).DstX1(2900)->D.KDst->D0.pi_total_0r": 0.0273554213489228,
    "Bp->X1(2900).DstX1(2900)->D.KDst->D0.pi_total_0i": 0.2911602031602644,
    "Bp->X1(2900).Dst_g_ls_1r": 0.24221578799549365,
    "Bp->X1(2900).Dst_g_ls_1i": 0.5122991761383264,
    "Bp->X1(2900).Dst_g_ls_2r": 0.5377172428689999,