{
  "value": {
    "Bp->X(3872).KX(3872)->Dst.DDst->D0.pi_total_0r": 1.0,
    "Bp->X(3872).KX(3872)->Dst.DDst->D0.pi_total_0i": 0.0,
    "X(3872)->Dst.D_g_ls_0r": 1.0,
    "X(3872)->Dst.D_g_ls_0i": 0.0,
    "X(3872)->Dst.D_g_ls_1r": 1.0,
    "X(3872)->Dst.D_g_ls_1i": -7.5920037020554,

    "Bp->X(3915)(0-).KX(3915)(0-)->Dst.DDst->D0.pi_total_0r": 0.24791777686072225,
    "Bp->X(3915)(0-).KX(3915)(0-)->Dst.DDst->D0.pi_total_0i": -3.956553162618277,

    "Bp->chi(c2)(3930).Kchi(c2)(3930)->Dst.DDst->D0.pi_total_0r": -0.15782841318910093,
    "Bp->chi(c2)(3930).Kchi(c2)(3930)->Dst.DDst->D0.pi_total_0i": 1.248975116680513,

    "Bp->X(3940)(1.).KX(3940)(1.)->Dst.DDst->D0.pi_total_0r": 0.5841135437989953,
    "Bp->X(3940)(1.).KX(3940)(1.)->Dst.DDst->D0.pi_total_0i": -0.35520294138066283,
    "X(3940)(1.)->Dst.D_g_ls_0r": 1.0,
    "X(3940)(1.)->Dst.D_g_ls_0i": 0.0,
    "X(3940)(1.)->Dst.D_g_ls_1r": 1.0,
    "X(3940)(1.)->Dst.D_g_ls_1i": -0.6019827071000381,

    "Bp->X(3993).KX(3993)->Dst.DDst->D0.pi_total_0r": 0.40764525993506756,
    "Bp->X(3993).KX(3993)->Dst.DDst->D0.pi_total_0i": 0.4780524709768292,
    "X(3993)->Dst.D_g_ls_0r": 1.0,
    "X(3993)->Dst.D_g_ls_0i": 0.0,
    "X(3993)->Dst.D_g_ls_1r": 1.0,
    "X(3993)->Dst.D_g_ls_1i": 2.960986710144917,

    "Bp->Psi(4040).KPsi(4040)->Dst.DDst->D0.pi_total_0r": 0.24060821850404537,
    "Bp->Psi(4040).KPsi(4040)->Dst.DDst->D0.pi_total_0i": 1.8333557588772107,

    "Bp->X(4300).KX(4300)->Dst.DDst->D0.pi_total_0r": -0.12188398153266534,
    "Bp->X(4300).KX(4300)->Dst.DDst->D0.pi_total_0i": -2.755574397781584,
    "X(4300)->Dst.D_g_ls_0r": 1.0,
    "X(4300)->Dst.D_g_ls_0i": 0.0,
    "X(4300)->Dst.D_g_ls_1r": 1.0,
    "X(4300)->Dst.D_g_ls_1i": -0.078957353558345,

    "Bp->NR(0-)SPp.KNR(0-)SPp->Dst.DDst->D0.pi_total_0r": 0.3518201446798285,
    "Bp->NR(0-)SPp.KNR(0-)SPp->Dst.DDst->D0.pi_total_0i": 2.819967753443459,

    "Bp->NR(1.)PSp.KNR(1.)PSp->Dst.DDst->D0.pi_total_0r": 0.6743195731657364,
    "Bp->NR(1.)PSp.KNR(1.)PSp->Dst.DDst->D0.pi_total_0i": 0.051436462619837024,

    "Bp->NR(0-)SPm.KNR(0-)SPm->Dst.DDst->D0.pi_total_0r": -0.10014651796764866,
    "Bp->NR(0-)SPm.KNR(0-)SPm->Dst.DDst->D0.pi_total_0i": 6.288700557404373,

    "Bp->NR(1-)PPm.KNR(1-)PPm->Dst.DDst->D0.pi_total_0r": 0.7491753228521948,
    "Bp->NR(1-)PPm.KNR(1-)PPm->Dst.DDst->D0.pi_total_0i": 2.7710671953180515,

    "Bp->X0(2900).DstX0(2900)->D.KDst->D0.pi_total_0r": 0.1090471843181523,
    "Bp->X0(2900).DstX0(2900)->D.KDst->D0.pi_total_0i": 0.2081928503944538,
    "Bp->X0(2900).Dst_g_ls_0r": 1.0,
    "Bp->X0(2900).Dst_g_ls_0i": 0.0,

    "Bp->X1(2900).DstX1(2900)->D.KDst->D0.pi_total_0r": 0.10857905141284267,
    "Bp->X1(2900).DstX1(2900)->D.KDst->D0.pi_total_0i": -10.63654224201967,
    "Bp->X1(2900).Dst_g_ls_0r": 1.0,
    "Bp->X1(2900).Dst_g_ls_0i": 0.0,
    "Bp->X1(2900).Dst_g_ls_1r": 0.49282868979403516,
    "Bp->X1(2900).Dst_g_ls_1i": 2.8344936250814885,
    "Bp->X1(2900).Dst_g_ls_2r": 2.2958999365446746,
    "Bp->X1(2900).Dst_g_ls_2i": 15.69162555526342
  }
}
