{
  "value": {
    "X(3872)_mass": 3.87165,
    "X(3872)_width": 0.00119,
    "X(3872)_theta0": -2.015922499113244,
    "X(3915)(0-)_mass": 3.944541826791121,
    "X(3915)(0-)_width": 0.12967347104307578,
    "chi(c2)(3930)_mass": 3.9272,
    "chi(c2)(3930)_width": 0.024,
    "X(3940)(1.)_mass": 4.000356038444546,
    "X(3940)(1.)_width": 0.1840988981535105,
    "X(3940)(1.)_theta0": 0.7989909720607203,
    "X(3993)_mass": 4.012482696497617,
    "X(3993)_width": 0.06273843568400221,
    "X(3993)_theta0": 0.46985735503890574,
    "Psi(4040)_mass": 4.039,
    "Psi(4040)_width": 0.08,
    "X(4300)_mass": 4.307256285732596,
    "X(4300)_width": 0.058438730618967774,
    "X(4300)_theta0": 1.0215278810525474,
    "NR(0-)SPp_alpha": -0.11261265753519498,
    "NR(0-)SPp_beta": 0.3362692520521029,
    "X0(2900)_mass": 2.866,
    "X0(2900)_width": 0.057,
    "X1(2900)_mass": 2.904,
    "X1(2900)_width": 0.11,
    "Bp->X(3872).KX(3872)->Dst.DDst->D0.pi_total_0r": 1.0,
    "Bp->X(3872).KX(3872)->Dst.DDst->D0.pi_total_0i": 0.0,
    "Bp->X(3872).K_g_ls_0r": 1.0,
    "Bp->X(3872).K_g_ls_0i": 0.0,
    "X(3872)->Dst.D_g_ls_0r": 1.0,
    "X(3872)->Dst.D_g_ls_0i": 0.0,
    "X(3872)->Dst.D_g_ls_1r": 1.0,
    "X(3872)->Dst.D_g_ls_1i": -7.592002089027378,
    "Dst->D0.pi_g_ls_0r": 1.0,
    "Dst->D0.pi_g_ls_0i": 0.0,
    "Bp->X(3915)(0-).KX(3915)(0-)->Dst.DDst->D0.pi_total_0r": 0.24791804428488928,
    "Bp->X(3915)(0-).KX(3915)(0-)->Dst.DDst->D0.pi_total_0i": -3.956554321156098,
    "Bp->X(3915)(0-).K_g_ls_0r": 1.0,
    "Bp->X(3915)(0-).K_g_ls_0i": 0.0,
    "X(3915)(0-)->Dst.D_g_ls_0r": 1.0,
    "X(3915)(0-)->Dst.D_g_ls_0i": 0.0,
    "Bp->chi(c2)(3930).Kchi(c2)(3930)->Dst.DDst->D0.pi_total_0r": 0.15782868607548226,
    "Bp->chi(c2)(3930).Kchi(c2)(3930)->Dst.DDst->D0.pi_total_0i": 4.390570295871437,
    "Bp->chi(c2)(3930).K_g_ls_0r": 1.0,
    "Bp->chi(c2)(3930).K_g_ls_0i": 0.0,
    "chi(c2)(3930)->Dst.D_g_ls_0r": 1.0,
    "chi(c2)(3930)->Dst.D_g_ls_0i": 0.0,
    "Bp->X(3940)(1.).KX(3940)(1.)->Dst.DDst->D0.pi_total_0r": 0.5841130772547641,
    "Bp->X(3940)(1.).KX(3940)(1.)->Dst.DDst->D0.pi_total_0i": -0.3552021079689381,
    "Bp->X(3940)(1.).K_g_ls_0r": 1.0,
    "Bp->X(3940)(1.).K_g_ls_0i": 0.0,
    "X(3940)(1.)->Dst.D_g_ls_0r": 1.0,
    "X(3940)(1.)->Dst.D_g_ls_0i": 0.0,
    "X(3940)(1.)->Dst.D_g_ls_1r": 1.0,
    "X(3940)(1.)->Dst.D_g_ls_1i": -0.6019841049396812,
    "Bp->X(3993).KX(3993)->Dst.DDst->D0.pi_total_0r": 0.40764625938137483,
    "Bp->X(3993).KX(3993)->Dst.DDst->D0.pi_total_0i": 0.47805249499223534,
    "Bp->X(3993).K_g_ls_0r": 1.0,
    "Bp->X(3993).K_g_ls_0i": 0.0,
    "X(3993)->Dst.D_g_ls_0r": 1.0,
    "X(3993)->Dst.D_g_ls_0i": 0.0,
    "X(3993)->Dst.D_g_ls_1r": 1.0,
    "X(3993)->Dst.D_g_ls_1i": 2.9609852766403932,
    "Bp->Psi(4040).KPsi(4040)->Dst.DDst->D0.pi_total_0r": 0.24060874339492827,
    "Bp->Psi(4040).KPsi(4040)->Dst.DDst->D0.pi_total_0i": 1.8333575751420952,
    "Bp->Psi(4040).K_g_ls_0r": 1.0,
    "Bp->Psi(4040).K_g_ls_0i": 0.0,
    "Psi(4040)->Dst.D_g_ls_0r": 1.0,
    "Psi(4040)->Dst.D_g_ls_0i": 0.0,
    "Bp->X(4300).KX(4300)->Dst.DDst->D0.pi_total_0r": 0.12188415197563676,
    "Bp->X(4300).KX(4300)->Dst.DDst->D0.pi_total_0i": 0.3860236797579817,
    "Bp->X(4300).K_g_ls_0r": 1.0,
    "Bp->X(4300).K_g_ls_0i": 0.0,
    "X(4300)->Dst.D_g_ls_0r": 1.0,
    "X(4300)->Dst.D_g_ls_0i": 0.0,
    "X(4300)->Dst.D_g_ls_1r": 1.0,
    "X(4300)->Dst.D_g_ls_1i": -0.07896063546520433,
    "Bp->NR(0-)SPp.KNR(0-)SPp->Dst.DDst->D0.pi_total_0r": 0.3518205841497765,
    "Bp->NR(0-)SPp.KNR(0-)SPp->Dst.DDst->D0.pi_total_0i": 2.8199693606594667,
    "Bp->NR(0-)SPp.K_g_ls_0r": 1.0,
    "Bp->NR(0-)SPp.K_g_ls_0i": 0.0,
    "NR(0-)SPp->Dst.D_g_ls_0r": 1.0,
    "NR(0-)SPp->Dst.D_g_ls_0i": 0.0,
    "Bp->NR(1.)PSp.KNR(1.)PSp->Dst.DDst->D0.pi_total_0r": 0.6743207906647163,
    "Bp->NR(1.)PSp.KNR(1.)PSp->Dst.DDst->D0.pi_total_0i": 0.0514378820699856,
    "Bp->NR(1.)PSp.K_g_ls_0r": 1.0,
    "Bp->NR(1.)PSp.K_g_ls_0i": 0.0,
    "NR(1.)PSp->Dst.D_g_ls_0r": 1.0,
    "NR(1.)PSp->Dst.D_g_ls_0i": 0.0,
    "Bp->NR(0-)SPm.KNR(0-)SPm->Dst.DDst->D0.pi_total_0r": 0.10014673278615137,
    "Bp->NR(0-)SPm.KNR(0-)SPm->Dst.DDst->D0.pi_total_0i": 9.430294833557134,
    "Bp->NR(0-)SPm.K_g_ls_0r": 1.0,
    "Bp->NR(0-)SPm.K_g_ls_0i": 0.0,
    "NR(0-)SPm->Dst.D_g_ls_0r": 1.0,
    "NR(0-)SPm->Dst.D_g_ls_0i": 0.0,
    "Bp->NR(1-)PPm.KNR(1-)PPm->Dst.DDst->D0.pi_total_0r": 0.749176669395348,
    "Bp->NR(1-)PPm.KNR(1-)PPm->Dst.DDst->D0.pi_total_0i": 2.771068630414713,
    "Bp->NR(1-)PPm.K_g_ls_0r": 1.0,
    "Bp->NR(1-)PPm.K_g_ls_0i": 0.0,
    "NR(1-)PPm->Dst.D_g_ls_0r": 1.0,
    "NR(1-)PPm->Dst.D_g_ls_0i": 0.0,
    "Bp->X0(2900).DstX0(2900)->D.KDst->D0.pi_total_0r": 0.10885587241638732,
    "Bp->X0(2900).DstX0(2900)->D.KDst->D0.pi_total_0i": 0.20819385727695455,
    "Bp->X0(2900).Dst_g_ls_0r": 1.0,
    "Bp->X0(2900).Dst_g_ls_0i": 0.0,
    "X0(2900)->D.K_g_ls_0r": 1.0,
    "X0(2900)->D.K_g_ls_0i": 0.0,
    "Bp->X1(2900).DstX1(2900)->D.KDst->D0.pi_total_0r": 0.10857922852926928,
    "Bp->X1(2900).DstX1(2900)->D.KDst->D0.pi_total_0i": -10.636542340064254,
    "Bp->X1(2900).Dst_g_ls_0r": 1.0,
    "Bp->X1(2900).Dst_g_ls_0i": 0.0,
    "Bp->X1(2900).Dst_g_ls_1r": 0.4684989926199431,
    "Bp->X1(2900).Dst_g_ls_1i": 2.8344980953014884,
    "Bp->X1(2900).Dst_g_ls_2r": 2.074820713049955,
    "Bp->X1(2900).Dst_g_ls_2i": 15.691626833657145,
    "X1(2900)->D.K_g_ls_0r": 1.0,
    "X1(2900)->D.K_g_ls_0i": 0.0
  },
  "error": {
    "X(3872)_theta0": 0.04943654830654572,
    "X(3940)(1.)_theta0": 0.08410283164909421,
    "X(3993)_theta0": 0.057254962775304265,
    "X(4300)_theta0": 0.141549049273718,
    "NR(0-)SPp_alpha": 0.026265643717321516,
    "NR(0-)SPp_beta": 0.04658007993371852,
    "X(3872)->Dst.D_g_ls_1i": 0.16894823370750472,
    "Bp->X(3915)(0-).KX(3915)(0-)->Dst.DDst->D0.pi_total_0r": 0.07331921747047508,
    "Bp->X(3915)(0-).KX(3915)(0-)->Dst.DDst->D0.pi_total_0i": 0.40260441644065653,
    "Bp->chi(c2)(3930).Kchi(c2)(3930)->Dst.DDst->D0.pi_total_0r": 0.022408685292187872,
    "Bp->chi(c2)(3930).Kchi(c2)(3930)->Dst.DDst->D0.pi_total_0i": 0.18836308264525464,
    "Bp->X(3940)(1.).KX(3940)(1.)->Dst.DDst->D0.pi_total_0r": 0.13362849940441432,
    "Bp->X(3940)(1.).KX(3940)(1.)->Dst.DDst->D0.pi_total_0i": 0.21334050187577785,
    "X(3940)(1.)->Dst.D_g_ls_1i": 0.17582257748989702,
    "Bp->X(3993).KX(3993)->Dst.DDst->D0.pi_total_0r": 0.06209448065450947,
    "Bp->X(3993).KX(3993)->Dst.DDst->D0.pi_total_0i": 0.18913835886311825,
    "X(3993)->Dst.D_g_ls_1i": 0.15558607316500211,
    "Bp->Psi(4040).KPsi(4040)->Dst.DDst->D0.pi_total_0r": 0.03125324432195364,
    "Bp->Psi(4040).KPsi(4040)->Dst.DDst->D0.pi_total_0i": 0.18959212693186162,
    "Bp->X(4300).KX(4300)->Dst.DDst->D0.pi_total_0r": 0.03167165059345964,
    "Bp->X(4300).KX(4300)->Dst.DDst->D0.pi_total_0i": 0.35026814184734917,
    "X(4300)->Dst.D_g_ls_1i": 0.3144577000480856,
    "Bp->NR(0-)SPp.KNR(0-)SPp->Dst.DDst->D0.pi_total_0r": 0.036125913323069185,
    "Bp->NR(0-)SPp.KNR(0-)SPp->Dst.DDst->D0.pi_total_0i": 0.18243549789060232,
    "Bp->NR(1.)PSp.KNR(1.)PSp->Dst.DDst->D0.pi_total_0r": 0.07246680839299972,
    "Bp->NR(1.)PSp.KNR(1.)PSp->Dst.DDst->D0.pi_total_0i": 0.20886001567748902,
    "Bp->NR(0-)SPm.KNR(0-)SPm->Dst.DDst->D0.pi_total_0r": 0.01612297331407371,
    "Bp->NR(0-)SPm.KNR(0-)SPm->Dst.DDst->D0.pi_total_0i": 0.21663236184254872,
    "Bp->NR(1-)PPm.KNR(1-)PPm->Dst.DDst->D0.pi_total_0r": 0.07129304268646294,
    "Bp->NR(1-)PPm.KNR(1-)PPm->Dst.DDst->D0.pi_total_0i": 0.17337803905276966,
    "Bp->X0(2900).DstX0(2900)->D.KDst->D0.pi_total_0r": 0.012755683520415288,
    "Bp->X0(2900).DstX0(2900)->D.KDst->D0.pi_total_0i": 0.19952253357358135,
    "Bp->X1(2900).DstX1(2900)->D.KDst->D0.pi_total_0r": 0.027355401526626348,
    "Bp->X1(2900).DstX1(2900)->D.KDst->D0.pi_total_0i": 0.2911601457211899,
    "Bp->X1(2900).Dst_g_ls_1r": 0.23025823885666005,
    "Bp->X1(2900).Dst_g_ls_1i": 0.5122991908510516,
    "Bp->X1(2900).Dst_g_ls_2r": 0.4859378975754928,