{
  "value": {
    "X(3872)_mass": 3.87165,
    "X(3872)_width": 0.00119,
    "X(3872)_theta0": -2.015922499113244,
    "X(3915)(0-)_mass": 3.944541826791121,
    "X(3915)(0-)_width": 0.12967347104307578,
    "chi(c2)(3930)_mass": 3.9272,
    "chi(c2)(3930)_width": 0.024,
    "X(3940)(1.)_mass": 4.000356038444546,
    "X(3940)(1.)_width": 0.1840988981535105,
    "X(3940)(1.)_theta0": 0.7989909720607203,
    "X(3993)_mass": 4.012482696497617,
    "X(3993)_width": 0.06273843568400221,
    "X(3993)_theta0": 0.46985735503890574,
    "Psi(4040)_mass": 4.039,
    "Psi(4040)_width": 0.08,
    "X(4300)_mass": 4.307256285732596,
    "X(4300)_width": 0.058438730618967774,
    "X(4300)_theta0": 1.0215278810525474,
    "NR(0-)SPp_alpha": -0.11261265753519498,
    "NR(0-)SPp_beta": 0.3362692520521029,
    "X0(2900)_mass": 2.866,
    "X0(2900)_width": 0.057,
    "X1(2900)_mass": 2.904,
    "X1(2900)_width": 0.11,
    "Bp->X(3872).KX(3872)->Dst.DDst->D0.pi_total_0r": 0.0,
    "Bp->X(3872).KX(3872)->Dst.DDst->D0.pi_total_0i": 0.0,
    "Bp->X(3872).K_g_ls_0r": 0.0,
    "Bp->X(3872).K_g_ls_0i": 0.0,
    "X(3872)->Dst.D_g_ls_0r": 0.0,
    "X(3872)->Dst.D_g_ls_0i": 0.0,
    "X(3872)->Dst.D_g_ls_1r": 0.0,
    "X(3872)->Dst.D_g_ls_1i": 0.0,
    "Dst->D0.pi_g_ls_0r": 1.0,
    "Dst->D0.pi_g_ls_0i": 0.0,
    "Bp->X(3915)(0-).KX(3915)(0-)->Dst.DDst->D0.pi_total_0r": 0.0,
    "Bp->X(3915)(0-).KX(3915)(0-)->Dst.DDst->D0.pi_total_0i": 0.0,
    "Bp->X(3915)(0-).K_g_ls_0r": 0.0,
    "Bp->X(3915)(0-).K_g_ls_0i": 0.0,
    "X(3915)(0-)->Dst.D_g_ls_0r": 0.0,
    "X(3915)(0-)->Dst.D_g_ls_0i": 0.0,
    "Bp->chi(c2)(3930).Kchi(c2)(3930)->Dst.DDst->D0.pi_total_0r": 0.0,
    "Bp->chi(c2)(3930).Kchi(c2)(3930)->Dst.DDst->D0.pi_total_0i": 0.0,
    "Bp->chi(c2)(3930).K_g_ls_0r": 0.0,
    "Bp->chi(c2)(3930).K_g_ls_0i": 0.0,
    "chi(c2)(3930)->Dst.D_g_ls_0r": 0.0,
    "chi(c2)(3930)->Dst.D_g_ls_0i": 0.0,
    "Bp->X(3940)(1.).KX(3940)(1.)->Dst.DDst->D0.pi_total_0r": 0.0,
    "Bp->X(3940)(1.).KX(3940)(1.)->Dst.DDst->D0.pi_total_0i": 0.0,
    "Bp->X(3940)(1.).K_g_ls_0r": 0.0,
    "Bp->X(3940)(1.).K_g_ls_0i": 0.0,
    "X(3940)(1.)->Dst.D_g_ls_0r": 0.0,
    "X(3940)(1.)->Dst.D_g_ls_0i": 0.0,
    "X(3940)(1.)->Dst.D_g_ls_1r": 0.0,
    "X(3940)(1.)->Dst.D_g_ls_1i": 0.0,
    "Bp->X(3993).KX(3993)->Dst.DDst->D0.pi_total_0r": 0.0,
    "Bp->X(3993).KX(3993)->Dst.DDst->D0.pi_total_0i": 0.0,
    "Bp->X(3993).K_g_ls_0r": 0.0,
    "Bp->X(3993).K_g_ls_0i": 0.0,
    "X(3993)->Dst.D_g_ls_0r": 0.0,
    "X(3993)->Dst.D_g_ls_0i": 0.0,
    "X(3993)->Dst.D_g_ls_1r": 0.0,
    "X(3993)->Dst.D_g_ls_1i": 0.0,
    "Bp->Psi(4040).KPsi(4040)->Dst.DDst->D0.pi_total_0r": 0.0,
    "Bp->Psi(4040).KPsi(4040)->Dst.DDst->D0.pi_total_0i": 0.0,
    "Bp->Psi(4040).K_g_ls_0r": 0.0,
    "Bp->Psi(4040).K_g_ls_0i": 0.0,
    "Psi(4040)->Dst.D_g_ls_0r": 0.0,
    "Psi(4040)->Dst.D_g_ls_0i": 0.0,
    "Bp->X(4300).KX(4300)->Dst.DDst->D0.pi_total_0r": 0.0,
    "Bp->X(4300).KX(4300)->Dst.DDst->D0.pi_total_0i": 0.0,
    "Bp->X(4300).K_g_ls_0r": 0.0,
    "Bp->X(4300).K_g_ls_0i": 0.0,
    "X(4300)->Dst.D_g_ls_0r": 0.0,
    "X(4300)->Dst.D_g_ls_0i": 0.0,
    "X(4300)->Dst.D_g_ls_1r": 0.0,
    "X(4300)->Dst.D_g_ls_1i": 0.0,
    "Bp->NR(0-)SPp.KNR(0-)SPp->Dst.DDst->D0.pi_total_0r": 0.0,
    "Bp->NR(0-)SPp.KNR(0-)SPp->Dst.DDst->D0.pi_total_0i": 0.0,
    "Bp->NR(0-)SPp.K_g_ls_0r": 0.0,
    "Bp->NR(0-)SPp.K_g_ls_0i": 0.0,
    "NR(0-)SPp->Dst.D_g_ls_0r": 0.0,
    "NR(0-)SPp->Dst.D_g_ls_0i": 0.0,
    "Bp->NR(1.)PSp.KNR(1.)PSp->Dst.DDst->D0.pi_total_0r": 0.0,
    "Bp->NR(1.)PSp.KNR(1.)PSp->Dst.DDst->D0.pi_total_0i": 0.0,
    "Bp->NR(1.)PSp.K_g_ls_0r": 0.0,
    "Bp->NR(1.)PSp.K_g_ls_0i": 0.0,
    "NR(1.)PSp->Dst.D_g_ls_0r": 0.0,
    "NR(1.)PSp->Dst.D_g_ls_0i": 0.0,
    "Bp->NR(0-)SPm.KNR(0-)SPm->Dst.DDst->D0.pi_total_0r": 0.0,
    "Bp->NR(0-)SPm.KNR(0-)SPm->Dst.DDst->D0.pi_total_0i": 0.0,
    "Bp->NR(0-)SPm.K_g_ls_0r": 0.0,
    "Bp->NR(0-)SPm.K_g_ls_0i": 0.0,
    "NR(0-)SPm->Dst.D_g_ls_0r": 0.0,
    "NR(0-)SPm->Dst.D_g_ls_0i": 0.0,
    "Bp->NR(1-)PPm.KNR(1-)PPm->Dst.DDst->D0.pi_total_0r": 0.0,
    "Bp->NR(1-)PPm.KNR(1-)PPm->Dst.DDst->D0.pi_total_0i": 0.0,
    "Bp->NR(1-)PPm.K_g_ls_0r": 0.0,
    "Bp->NR(1-)PPm.K_g_ls_0i": 0.0,
    "NR(1-)PPm->Dst.D_g_ls_0r": 0.0,
    "NR(1-)PPm->Dst.D_g_ls_0i": 0.0,
    "Bp->X0(2900).DstX0(2900)->D.KDst->D0.pi_total_0r": 0.0,
    "Bp->X0(2900).DstX0(2900)->D.KDst->D0.pi_total_0i": 0.0,
    "Bp->X0(2900).Dst_g_ls_0r": 0.0,
    "Bp->X0(2900).Dst_g_ls_0i": 0.0,
    "X0(2900)->D.K_g_ls_0r": 0.0,
    "X0(2900)->D.K_g_ls_0i": 0.0,
    "Bp->X1(2900).DstX1(2900)->D.KDst->D0.pi_total_0r": 1.0,
    "Bp->X1(2900).DstX1(2900)->D.KDst->D0.pi_total_0i": 0.0,
    "Bp->X1(2900).Dst_g_ls_0r": 1.0,
    "Bp->X1(2900).Dst_g_ls_0i": 0.0,
    "Bp->X1(2900).Dst_g_ls_1r": 1.0,
    "Bp->X1(2900).Dst_g_ls_1i": 0.0,
    "Bp->X1(2900).Dst_g_ls_2r": 1.0,
    "Bp->X1(2900).Dst_g_ls_2i": 0.0,
    "X1(2900)->D.K_g_ls_0r": 1.0,
    "X1(2900)->D.K_g_ls_0i": 0.0
  },
  "error": {
    "X(3872)_theta0": 0.04943654830654572,
    "X(3940)(1.)_theta0": 0.08410283164909421,
    "X(3993)_theta0": 0.057254962775304265,
    "X(4300)_theta0": 0.141549049273718,
    "NR(0-)SPp_alpha": 0.026265643717321516,
    "NR(0-)SPp_beta": 0.04658007993371852,
    "X(3872)->Dst.D_g_ls_1i": 0.0,
    "Bp->X(3915)(0-).KX(3915)(0-)->Dst.DDst->D0.pi_total_0r": 0.0,
    "Bp->X(3915)(0-).KX(3915)(0-)->Dst.DDst->D0.pi_total_0i": 0.0,
    "Bp->chi(c2)(3930).Kchi(c2)(3930)->Dst.DDst->D0.pi_total_0r": 0.0,
    "Bp->chi(c2)(3930).Kchi(c2)(3930)->Dst.DDst->D0.pi_total_0i": 0.0,
    "Bp->X(3940)(1.).KX(3940)(1.)->Dst.DDst->D0.pi_total_0r": 0.0,
    "Bp->X(3940)(1.).KX(3940)(1.)->Dst.DDst->D0.pi_total_0i": 0.0,
    "X(3940)(1.)->Dst.D_g_ls_1i": 0.0,
    "Bp->X(3993).KX(3993)->Dst.DDst->D0.pi_total_0r": 0.0,
    "Bp->X(3993).KX(3993)->Dst.DDst->D0.pi_total_0i": 0.0,
    "X(3993)->Dst.D_g_ls_1i": 0.0,
    "Bp->Psi(4040).KPsi(4040)->Dst.DDst->D0.pi_total_0r": 0.0,
    "Bp->Psi(4040).KPsi(4040)->Dst.DDst->D0.pi_total_0i": 0.0,
    "Bp->X(4300).KX(4300)->Dst.DDst->D0.pi_total_0r": 0.0,
    "Bp->X(4300).KX(4300)->Dst.DDst->D0.pi_total_0i": 0.0,
    "X(4300)->Dst.D_g_ls_1i": 0.0,
    "Bp->NR(0-)SPp.KNR(0-)SPp->Dst.DDst->D0.pi_total_0r": 0.0,
    "Bp->NR(0-)SPp.KNR(0-)SPp->Dst.DDst->D0.pi_total_0i": 0.0,
    "Bp->NR(1.)PSp.KNR(1.)PSp->Dst.DDst->D0.pi_total_0r": 0.0,
    "Bp->NR(1.)PSp.KNR(1.)PSp->Dst.DDst->D0.pi_total_0i": 0.0,
    "Bp->NR(0-)SPm.KNR(0-)SPm->Dst.DDst->D0.pi_total_0r": 0.0,
    "Bp->NR(0-)SPm.KNR(0-)SPm->Dst.DDst->D0.pi_total_0i": 0.0,
    "Bp->NR(1-)PPm.KNR(1-)PPm->Dst.DDst->D0.pi_total_0r": 0.0,
    "Bp->NR(1-)PPm.KNR(1-)PPm->Dst.DDst->D0.pi_total_0i": 0.0,
    "Bp->X0(2900).DstX0(2900)->D.KDst->D0.pi_total_0r": 0.0,
    "Bp->X0(2900).DstX0(2900)->D.KDst->D0.pi_total_0i": 0.0,
    "Bp->X1(2900).DstX1(2900)->D.KDst->D0.pi_total_0r": 0.0,
    "Bp->X1(2900).DstX1(2900)->D.KDst->D0.pi_total_0i": 0.0,
    "Bp->X1(2900).Dst_g_ls_1r": 0.0,
    "Bp->X1(2900).Dst_g_ls_1i": 0.0,
    "Bp->X1(2900).Dst_g_ls_2r": 0.0,
    "Bp->X1(2900).Dst_g_ls_2i": 0.0,
    "X(3915)(0-)_mass": 0.021225360509115013,
    "X(3915)(0-)_width": 0.0655156460080172,
    "X(3940)(1.)_mass": 0.015193544757157243,
    "X(3940)(1.)_width": 0.05488230947297289,
    "X(3993)_mass": 0.00371586967534328,
    "X(3993)_width": 0.006669953091745238,
    "X(4300)_mass": 0.006354398261091962,
    "X(4300)_width": 0.02012692243087491
  },
  "status": {
    "success": true,
    "NLL": -1595.110020252569,
    "Ndf": 46
  }
}